off_long,off_lat,pop_up
115.685,39.596,1
115.71,39.578,1
115.892,40.501,1
115.901,39.606,1
115.923,39.736,2
115.924,39.732,1
115.939,39.736,2
115.945,39.733,3
115.95,39.731,1
115.957,39.726,2
115.971,40.462,2
115.975,39.724,2
115.977,39.796,1
115.981,39.794,2
115.983,39.694,3
115.983,39.705,1
115.988,40.466,1
115.991,39.792,8
116.003,39.789,9
116.018,39.788,1
116.02,39.891,1
116.024,39.785,7
116.024,39.899,3
116.026,39.772,1
116.027,39.775,1
116.028,39.78,2
116.034,39.759,2
116.036,39.756,1
116.037,39.754,3
116.04,39.749,5
116.044,39.743,2
116.044,39.975,3
116.045,39.742,3
116.048,39.713,4
116.049,39.736,3
116.053,39.733,1
116.055,39.709,3
116.057,39.929,1
116.057,39.978,2
116.061,39.725,3
116.065,39.933,1
116.072,39.72,2
116.075,39.939,1
116.077,39.94,3
116.078,39.719,2
116.082,39.929,2
116.087,39.718,1
116.088,39.719,1
116.09,39.997,2
116.091,39.885,2
116.091,39.909,1
116.092,39.678,1
116.092,39.904,1
116.092,39.949,2
116.092,39.951,4
116.093,39.886,1
116.093,39.944,4
116.094,39.933,2
116.095,39.901,1
116.096,39.937,4
116.097,39.933,3
116.098,39.906,2
116.099,39.958,6
116.099,39.959,6
116.1,39.885,1
116.1,39.93,3
116.1,39.933,7
116.101,39.934,1
116.102,39.927,1
116.102,39.934,7
116.103,39.854,3
116.103,39.892,8
116.103,40.004,1
116.104,39.897,7
116.104,39.905,1
116.104,39.96,5
116.105,39.904,2
116.105,39.908,3
116.106,39.933,1
116.107,39.852,1
116.107,39.889,7
116.107,39.918,2
116.108,39.921,2
116.108,39.925,4
116.108,39.935,2
116.109,39.959,1
116.11,39.958,1
116.111,40.105,5
116.112,39.926,5
116.114,39.722,1
116.114,39.85,3
116.114,39.887,2
116.114,39.891,13
116.114,39.895,7
116.114,39.898,8
116.114,40.187,1
116.115,40.089,1
116.116,39.886,8
116.116,39.957,3
116.117,40.233,1
116.118,39.835,1
116.121,39.852,3
116.123,39.815,2
116.123,40.233,5
116.127,39.931,4
116.128,39.856,9
116.128,39.945,3
116.128,40.234,1
116.129,39.729,1
116.129,39.734,1
116.13,40.051,2
116.131,40.241,1
116.132,39.807,2
116.132,40.145,1
116.133,40.135,1
116.134,39.741,3
116.134,40.138,4
116.134,40.196,7
116.135,39.729,1
116.135,39.888,24
116.135,39.94,1
116.137,40.051,3
116.141,39.733,1
116.141,39.858,13
116.142,39.745,2
116.142,39.746,1
116.143,39.885,3
116.144,39.739,3
116.145,39.935,4
116.145,39.936,4
116.146,39.748,1
116.148,39.747,10
116.148,39.808,4
116.149,39.86,9
116.149,39.922,1
116.151,39.93,2
116.152,39.809,5
116.153,39.756,24
116.154,39.862,9
116.154,39.925,2
116.154,39.926,9
116.155,39.759,9
116.155,39.92,12
116.155,40.051,2
116.155,40.066,5
116.157,39.917,2
116.157,40.058,2
116.157,40.06,6
116.158,39.869,2
116.159,39.811,2
116.159,40.051,4
116.16,39.913,9
116.16,40.192,1
116.161,39.766,6
116.161,39.923,1
116.161,40.049,9
116.162,40.515,3
116.163,39.874,2
116.164,39.86,1
116.165,39.769,13
116.165,39.86,9
116.167,39.817,7
116.167,39.842,1
116.167,39.905,22
116.167,40.045,3
116.168,39.833,2
116.168,39.84,1
116.169,39.829,2
116.169,39.905,4
116.17,39.905,8
116.171,39.906,15
116.172,40.125,1
116.172,40.198,1
116.173,39.891,3
116.174,39.857,14
116.174,39.925,1
116.174,40.043,2
116.179,39.764,4
116.179,40.059,2
116.18,39.857,1
116.18,39.914,1
116.18,39.926,4
116.18,40.124,1
116.181,39.854,19
116.181,40.04,8
116.184,39.906,17
116.185,39.927,1
116.187,40.039,1
116.187,40.186,1
116.189,39.834,3
116.19,39.851,5
116.19,39.906,35
116.191,39.906,2
116.191,40.124,2
116.192,39.911,1
116.194,39.836,23
116.194,39.903,1
116.194,40.039,7
116.195,39.837,8
116.197,39.841,4
116.198,39.906,15
116.199,39.932,2
116.199,40.122,3
116.201,39.906,4
116.204,39.843,1
116.204,40.223,1
116.205,39.842,5
116.207,39.906,8
116.208,39.906,9
116.208,40.066,3
116.21,39.896,1
116.211,39.902,1
116.211,40.038,2
116.213,39.906,10
116.215,39.903,4
116.215,40.039,1
116.216,39.895,1
116.216,39.896,48
116.216,39.931,2
116.216,40.115,3
116.216,40.219,1
116.217,40.04,1
116.218,39.902,7
116.219,39.765,2
116.219,39.906,11
116.219,40.119,1
116.222,40.119,2
116.223,39.898,24
116.224,39.767,9
116.224,39.891,6
116.224,39.895,47
116.225,39.894,4
116.226,39.872,8
116.226,40.043,2
116.226,40.068,14
116.226,40.119,4
116.227,39.848,1
116.227,39.906,17
116.227,39.912,61
116.228,39.849,3
116.228,39.863,1
116.228,39.902,6
116.229,39.888,29
116.229,39.905,3
116.23,39.874,1
116.231,39.853,4
116.231,39.858,2
116.231,39.895,2
116.231,39.906,36
116.231,40.07,5
116.232,39.852,2
116.233,39.835,2
116.234,39.902,17
116.235,39.888,31
116.235,39.928,7
116.236,39.896,40
116.236,39.904,17
116.236,39.906,70
116.237,40.044,5
116.239,39.902,12
116.239,40.211,3
116.24,39.855,17
116.24,39.928,3
116.241,39.868,1
116.241,40.065,5
116.242,39.888,15
116.243,39.928,2
116.243,40.059,1
116.244,39.847,5
116.244,39.87,1
116.245,39.837,2
116.245,39.902,41
116.245,39.906,19
116.246,39.839,3
116.246,39.874,4
116.246,39.879,2
116.246,39.881,24
116.246,39.886,13
116.246,39.887,2
116.246,39.891,133
116.246,39.896,2
116.246,39.897,77
116.246,39.9,8
116.246,39.904,32
116.246,39.907,8
116.246,39.908,42
116.246,39.91,39
116.246,39.914,18
116.246,39.919,5
116.246,40.22,1
116.247,39.874,2
116.247,39.928,1
116.248,39.87,4
116.248,39.871,9
116.248,39.888,34
116.248,39.895,1
116.248,39.899,10
116.248,40.042,3
116.249,39.846,5
116.249,39.858,12
116.249,39.916,30
116.249,40.075,3
116.25,39.902,3
116.25,40.049,1
116.251,39.84,1
116.251,39.871,3
116.251,40.119,1
116.252,39.849,7
116.252,39.871,1
116.252,39.916,18
116.252,40.22,2
116.253,39.768,1
116.253,39.919,6
116.253,40.04,9
116.254,39.861,2
116.254,39.896,1
116.254,39.899,5
116.254,40.051,3
116.254,40.077,2
116.255,39.861,11
116.255,39.888,10
116.255,39.902,4
116.255,39.928,1
116.255,40.05,5
116.256,39.833,7
116.256,39.928,3
116.257,39.689,1
116.258,39.884,2
116.258,39.891,2
116.258,39.896,6
116.258,39.9,3
116.258,39.917,3
116.258,39.921,1
116.258,39.926,3
116.259,39.86,1
116.259,39.863,10
116.259,39.916,2
116.259,40.028,1
116.26,39.854,4
116.26,39.888,4
116.26,39.906,4
116.26,40.021,5
116.261,39.833,2
116.261,39.849,1
116.261,39.899,13
116.261,39.902,6
116.261,40.008,5
116.261,40.081,5
116.262,39.896,1
116.262,39.916,18
116.262,40.03,13
116.263,39.768,3
116.263,39.816,2
116.263,39.82,5
116.264,39.821,12
116.264,39.828,7
116.264,39.866,2
116.264,39.927,1
116.264,40.011,6
116.264,40.119,11
116.265,39.845,7
116.265,39.899,1
116.266,39.879,5
116.266,39.895,7
116.266,39.899,6
116.267,39.768,1
116.267,39.863,3
116.267,39.887,4
116.267,39.889,3
116.267,39.892,1
116.267,39.893,3
116.267,39.901,7
116.267,39.916,2
116.268,39.869,2
116.268,39.882,3
116.268,39.884,9
116.268,39.892,2
116.268,39.931,1
116.268,39.935,2
116.268,40.002,25
116.268,40.028,1
116.269,39.759,7
116.269,39.883,2
116.269,39.899,10
116.269,39.921,5
116.269,39.927,1
116.269,40.028,4
116.27,39.875,1
116.27,39.888,1
116.27,40.001,2
116.27,40.019,7
116.27,40.031,2
116.271,39.755,1
116.271,39.906,106
116.271,40.169,6
116.272,39.751,5
116.272,39.845,2
116.272,40.024,2
116.273,39.59,1
116.273,39.848,1
116.273,39.87,2
116.273,40.088,1
116.274,39.87,3
116.274,39.99,3
116.274,40.022,1
116.274,40.162,6
116.275,39.868,4
116.275,39.899,4
116.275,39.916,1
116.275,39.955,1
116.275,39.975,1
116.276,39.855,4
116.276,39.859,3
116.276,39.861,1
116.276,39.906,38
116.276,39.989,2
116.277,39.849,4
116.277,39.85,16
116.277,39.855,6
116.277,39.861,5
116.277,40.212,1
116.278,40.018,11
116.278,40.032,2
116.278,40.049,1
116.278,40.108,9
116.279,39.695,1
116.279,39.751,1
116.279,39.841,3
116.279,39.846,1
116.279,39.858,1
116.28,39.791,2
116.28,39.802,1
116.28,39.837,11
116.28,40.021,2
116.281,39.833,6
116.281,39.834,5
116.281,39.864,11
116.281,39.899,2
116.281,39.906,21
116.281,40.006,17
116.281,40.01,12
116.282,40.041,2
116.283,39.784,9
116.283,39.825,4
116.283,39.864,1
116.283,39.911,1
116.283,39.998,8
116.283,40.032,11
116.284,39.775,3
116.284,39.794,2
116.284,39.805,3
116.284,39.812,4
116.284,39.814,1
116.284,39.816,2
116.284,39.819,1
116.284,39.821,3
116.284,39.835,2
116.284,40.103,1
116.285,39.742,1
116.285,39.781,1
116.285,39.996,2
116.285,39.997,9
116.285,40.022,1
116.285,40.039,5
116.285,40.092,7
116.286,39.864,21
116.286,39.996,18
116.286,40.099,5
116.287,39.779,11
116.287,39.899,1
116.287,39.906,17
116.287,40.052,2
116.288,39.849,1
116.288,39.862,3
116.288,39.866,1
116.288,39.89,1
116.288,39.897,2
116.288,40.042,1
116.288,40.092,2
116.289,40.206,4
116.29,39.742,6
116.29,39.877,1
116.29,39.888,9
116.29,39.906,2
116.29,39.969,2
116.29,39.971,5
116.291,39.778,2
116.291,39.965,9
116.292,39.78,9
116.292,39.813,5
116.292,39.816,2
116.292,39.865,7
116.293,39.811,3
116.293,39.922,4
116.293,40.032,1
116.293,40.041,1
116.294,39.906,21
116.294,39.977,2
116.294,39.978,7
116.294,40.044,5
116.295,39.604,1
116.295,39.888,14
116.295,40.044,9
116.296,39.498,2
116.296,39.687,2
116.296,39.865,5
116.296,39.908,1
116.296,40.087,1
116.297,39.762,1
116.297,39.957,2
116.297,40.033,4
116.298,39.69,1
116.298,39.911,9
116.299,39.791,12
116.299,39.922,2
116.299,40.043,1
116.3,39.784,4
116.3,39.952,7
116.3,40.024,2
116.301,39.905,2
116.301,40.032,4
116.301,40.049,3
116.301,40.205,1
116.302,39.418,1
116.302,39.856,1
116.302,39.866,21
116.302,39.959,2
116.302,40.034,1
116.302,40.038,5
116.302,40.079,1
116.303,39.408,1
116.303,39.433,3
116.303,39.442,1
116.303,39.453,4
116.303,39.463,1
116.303,39.9,12
116.303,39.908,1
116.303,39.911,11
116.303,39.912,10
116.303,39.92,11
116.303,39.927,3
116.303,39.928,7
116.303,39.936,15
116.303,39.943,9
116.303,39.948,14
116.303,39.953,9
116.304,39.4,1
116.304,39.698,1
116.304,39.88,1
116.304,39.888,4
116.304,39.889,9
116.304,39.895,3
116.304,39.902,1
116.304,39.906,18
116.304,39.921,12
116.304,39.943,11
116.304,39.946,13
116.305,39.748,1
116.305,39.786,3
116.305,39.836,1
116.305,39.872,2
116.305,39.873,2
116.305,40.031,3
116.306,39.509,1
116.306,39.907,4
116.306,39.998,3
116.306,40.051,1
116.307,39.863,9
116.307,39.866,8
116.307,39.963,11
116.307,40.023,3
116.307,40.026,3
116.308,39.866,16
116.308,39.909,1
116.308,40.002,1
116.308,40.035,2
116.308,40.071,1
116.309,39.363,1
116.309,39.886,4
116.309,39.939,4
116.309,39.994,4
116.309,39.996,3
116.309,40.069,15
116.31,40.051,1
116.311,39.509,1
116.311,39.855,1
116.311,40.014,1
116.312,39.699,4
116.312,39.965,3
116.312,40.008,1
116.312,40.066,2
116.313,39.782,1
116.313,39.896,5
116.313,39.965,17
116.314,39.909,4
116.314,40.08,6
116.315,39.742,2
116.315,39.792,1
116.315,39.865,1
116.315,39.866,19
116.315,39.888,3
116.315,39.895,1
116.316,39.888,2
116.316,39.959,12
116.316,40.035,2
116.316,40.063,1
116.316,40.083,2
116.317,39.5,1
116.317,39.501,4
116.317,39.906,18
116.317,39.951,2
116.317,39.965,1
116.317,39.966,3
116.317,39.991,1
116.317,40.075,3
116.318,39.349,4
116.318,39.509,2
116.318,39.513,8
116.318,39.55,1
116.318,39.67,3
116.318,39.7,2
116.318,39.906,39
116.318,39.942,1
116.318,39.947,2
116.318,40.079,4
116.319,39.514,1
116.319,39.53,4
116.319,39.531,8
116.319,39.62,1
116.319,39.626,6
116.319,39.629,4
116.319,39.906,2
116.319,39.935,2
116.319,40.059,6
116.32,39.52,21
116.32,39.565,4
116.32,39.572,2
116.32,39.731,3
116.32,40.083,1
116.32,40.203,13
116.321,39.59,2
116.321,39.606,3
116.321,39.781,1
116.321,39.848,4
116.321,39.87,3
116.321,39.937,5
116.321,39.991,2
116.322,39.788,3
116.322,39.888,4
116.322,39.904,9
116.322,39.908,1
116.322,39.956,22
116.322,39.991,4
116.323,39.701,2
116.323,39.797,2
116.323,39.888,2
116.324,39.73,2
116.324,39.777,1
116.324,39.789,4
116.324,39.815,3
116.324,40.051,4
116.324,40.054,1
116.325,39.975,1
116.325,40.084,2
116.326,39.723,8
116.326,39.731,4
116.326,39.735,6
116.326,39.742,3
116.326,39.75,3
116.326,39.752,3
116.326,39.786,1
116.326,39.906,25
116.326,39.966,2
116.327,39.302,1
116.327,39.327,1
116.327,39.53,2
116.327,39.711,3
116.327,39.712,1
116.327,39.756,3
116.327,39.786,2
116.327,39.861,8
116.327,39.888,4
116.327,39.956,8
116.327,39.97,5
116.327,39.974,8
116.328,39.782,4
116.328,39.871,6
116.328,39.888,1
116.328,39.895,1
116.328,39.896,2
116.328,39.991,1
116.328,39.995,1
116.328,40.201,2
116.329,39.763,2
116.329,39.937,1
116.329,40.081,1
116.33,39.753,4
116.33,39.755,2
116.33,39.789,4
116.33,39.82,9
116.33,39.868,4
116.33,39.937,1
116.331,39.718,6
116.331,39.721,6
116.331,39.749,3
116.331,39.786,1
116.331,39.906,1
116.331,39.966,6
116.331,40.069,3
116.331,40.083,1
116.332,39.287,5
116.332,39.746,3
116.332,39.807,1
116.332,39.847,11
116.332,39.866,4
116.332,39.888,1
116.332,39.906,9
116.333,39.742,2
116.333,39.866,3
116.333,39.896,1
116.334,39.896,21
116.335,39.821,8
116.335,39.956,6
116.336,39.76,17
116.336,39.789,2
116.337,39.756,13
116.337,39.927,1
116.337,39.999,6
116.338,39.719,4
116.338,39.74,14
116.338,39.745,9
116.338,39.896,4
116.338,39.918,1
116.338,39.923,1
116.338,39.975,3
116.338,39.991,5
116.339,39.723,5
116.339,39.728,13
116.339,39.729,1
116.339,39.736,10
116.339,39.802,1
116.339,39.824,7
116.339,39.906,91
116.339,39.991,1
116.339,40.206,3
116.34,39.725,4
116.34,39.735,1
116.34,39.835,6
116.34,39.888,11
116.34,39.955,5
116.341,39.792,2
116.341,39.847,8
116.341,39.856,2
116.341,39.935,4
116.341,39.952,3
116.342,39.891,4
116.342,39.948,6
116.342,39.966,9
116.342,40.029,1
116.343,39.242,2
116.343,39.906,5
116.343,39.944,1
116.343,39.966,3
116.344,39.873,3
116.344,39.877,7
116.344,39.881,2
116.344,39.906,42
116.345,39.866,1
116.345,39.9,6
116.345,40.024,1
116.346,39.866,4
116.346,39.907,2
116.346,39.911,2
116.346,39.971,7
116.347,39.875,5
116.347,39.879,6
116.347,39.89,1
116.347,39.916,6
116.347,39.936,6
116.347,39.981,10
116.347,39.989,11
116.348,39.87,4
116.348,39.955,1
116.349,39.713,3
116.349,39.866,2
116.349,39.882,3
116.349,39.888,4
116.349,39.943,2
116.349,39.949,1
116.349,39.951,5
116.35,39.844,2
116.35,39.946,2
116.35,39.975,3
116.351,39.868,4
116.351,39.882,3
116.351,40.016,1
116.352,39.876,2
116.352,39.888,9
116.352,39.906,88
116.352,39.956,6
116.352,39.966,3
116.352,39.98,2
116.353,39.852,6
116.353,39.878,2
116.353,39.881,11
116.353,39.992,4
116.354,39.829,2
116.354,39.852,9
116.355,39.898,6
116.356,39.867,3
116.356,39.868,3
116.356,39.876,1
116.356,39.882,6
116.357,39.872,1
116.357,39.875,3
116.357,39.899,7
116.358,39.836,3
116.358,39.843,2
116.358,39.844,2
116.358,39.888,5
116.358,39.898,4
116.358,39.906,12
116.358,39.993,9
116.358,40.219,3
116.359,39.811,1
116.359,39.843,2
116.359,39.877,2
116.359,39.966,1
116.359,39.973,4
116.36,39.868,4
116.36,39.992,3
116.361,39.844,5
116.361,39.868,2
116.361,39.946,2
116.361,39.966,13
116.361,39.975,2
116.362,39.877,1
116.362,39.882,3
116.363,39.869,3
116.363,39.974,1
116.363,40.224,1
116.364,39.832,1
116.364,39.843,2
116.364,39.888,10
116.364,39.906,9
116.364,39.96,1
116.364,39.97,7
116.365,39.898,4
116.365,40.033,1
116.366,39.849,3
116.366,39.859,4
116.366,39.869,9
116.366,39.932,8
116.366,40.0,8
116.367,39.91,3
116.368,39.889,1
116.368,39.893,5
116.368,39.896,3
116.368,39.904,3
116.368,39.975,1
116.368,40.06,4
116.369,39.868,3
116.369,39.922,5
116.369,40.009,1
116.37,39.855,1
116.37,39.864,2
116.371,39.671,2
116.371,39.898,1
116.372,39.701,1
116.372,39.849,8
116.372,39.888,13
116.372,39.906,78
116.372,39.921,4
116.372,40.0,28
116.373,39.882,1
116.373,40.226,3
116.374,39.72,1
116.374,39.798,1
116.374,39.931,3
116.374,39.975,1
116.374,39.979,1
116.374,39.993,3
116.374,39.996,2
116.375,39.888,35
116.375,39.977,1
116.375,40.0,11
116.375,40.065,6
116.376,39.855,15
116.376,39.868,4
116.376,39.87,4
116.377,39.877,6
116.377,39.882,1
116.377,39.967,2
116.377,40.0,10
116.378,39.887,2
116.378,39.892,12
116.378,39.897,7
116.378,40.062,1
116.379,39.83,2
116.38,39.85,1
116.38,39.854,1
116.38,39.932,1
116.381,39.855,5
116.381,39.878,2
116.381,40.065,4
116.382,39.882,1
116.382,39.906,14
116.383,39.921,1
116.384,39.932,7
116.386,39.855,1
116.386,39.856,4
116.386,39.885,2
116.386,39.975,2
116.386,40.229,2
116.387,39.855,8
116.387,39.899,2
116.387,39.906,26
116.388,39.871,2
116.388,39.885,4
116.388,39.961,4
116.388,39.972,1
116.389,39.63,1
116.389,39.881,1
116.389,39.922,16
116.39,39.93,7
116.39,39.933,5
116.39,39.936,4
116.391,39.879,1
116.392,39.883,1
116.392,39.884,10
116.392,39.887,6
116.393,39.83,1
116.393,39.86,2
116.393,39.863,7
116.393,39.88,1
116.393,39.923,27
116.394,39.859,5
116.394,39.872,6
116.394,39.876,49
116.394,39.897,1
116.394,39.939,3
116.394,39.975,4
116.394,40.229,1
116.395,39.812,2
116.395,39.833,1
116.395,39.894,1
116.395,39.899,2
116.395,39.906,5
116.395,39.967,3
116.396,39.623,1
116.396,39.812,2
116.396,39.821,3
116.396,39.906,42
116.396,39.967,5
116.396,40.001,17
116.397,40.228,1
116.398,39.855,10
116.398,39.899,3
116.398,39.923,4
116.398,39.975,2
116.399,39.871,4
116.399,39.927,1
116.399,39.931,1
116.399,39.939,1
116.399,40.001,8
116.399,40.192,7
116.4,39.886,36
116.4,39.902,2
116.4,39.909,6
116.4,39.918,2
116.4,39.923,1
116.401,39.804,1
116.401,39.958,2
116.401,39.97,10
116.401,39.971,6
116.401,39.992,2
116.401,39.996,3
116.402,39.718,2
116.402,39.945,1
116.402,39.952,1
116.402,40.126,16
116.403,39.899,2
116.403,39.923,10
116.403,40.001,7
116.403,40.078,1
116.403,40.136,2
116.403,40.153,6
116.404,39.887,4
116.404,39.918,3
116.404,40.001,17
116.405,39.917,19
116.405,39.982,6
116.405,40.048,2
116.405,40.113,10
116.405,40.145,4
116.406,39.871,4
116.406,39.906,2
116.406,39.914,8
116.406,39.923,9
116.406,40.065,1
116.406,40.083,10
116.406,40.101,1
116.406,40.102,7
116.407,39.907,19
116.407,39.923,6
116.407,39.997,3
116.407,40.052,2
116.407,40.055,2
116.407,40.075,2
116.407,40.206,3
116.407,40.209,1
116.408,39.664,1
116.408,39.932,7
116.408,40.04,1
116.408,40.08,1
116.408,40.224,2
116.409,39.629,1
116.409,39.899,4
116.409,39.982,8
116.409,40.001,1
116.409,40.217,1
116.409,40.223,3
116.41,39.899,5
116.41,39.907,49
116.41,39.917,6
116.41,39.935,3
116.41,39.941,1
116.41,39.945,5
116.41,40.006,22
116.41,40.015,1
116.41,40.035,5
116.411,39.856,5
116.411,39.908,1
116.411,39.912,6
116.411,39.948,4
116.411,39.97,3
116.411,39.975,1
116.411,39.98,1
116.411,40.0,1
116.411,40.003,24
116.411,40.015,21
116.411,40.025,1
116.411,40.026,2
116.412,39.893,8
116.412,39.895,1
116.412,39.899,2
116.412,39.901,2
116.412,39.923,7
116.412,39.959,1
116.413,39.982,9
116.414,39.87,1
116.414,39.88,2
116.415,39.858,15
116.415,39.865,9
116.415,39.874,2
116.415,39.901,10
116.415,40.061,2
116.416,39.902,1
116.416,39.982,7
116.417,39.948,1
116.417,39.99,1
116.418,39.923,11
116.418,39.963,7
116.418,39.967,4
116.418,39.973,1
116.418,39.98,9
116.418,39.986,18
116.418,40.0,2
116.419,39.864,4
116.419,39.907,10
116.419,39.927,5
116.419,39.936,1
116.419,39.946,1
116.419,39.955,6
116.419,39.987,2
116.42,39.908,3
116.42,39.912,2
116.42,39.917,4
116.42,39.919,1
116.42,39.924,2
116.42,39.992,2
116.421,39.857,13
116.421,40.003,2
116.422,39.839,7
116.422,39.843,4
116.422,39.847,12
116.422,39.853,8
116.422,39.907,51
116.422,40.065,1
116.423,39.899,10
116.423,39.907,3
116.423,40.116,1
116.424,39.882,1
116.424,39.982,4
116.424,39.986,3
116.424,39.988,1
116.425,39.837,7
116.425,39.858,2
116.425,39.903,6
116.425,39.968,3
116.425,39.992,1
116.425,40.068,3
116.426,39.882,3
116.426,39.923,1
116.427,39.864,3
116.428,39.903,3
116.429,39.857,14
116.429,39.88,3
116.429,39.902,32
116.429,39.992,3
116.429,40.067,1
116.429,40.072,2
116.43,39.903,11
116.43,40.07,1
116.431,39.988,4
116.432,39.866,21
116.432,39.923,2
116.433,39.88,11
116.433,39.895,2
116.433,39.966,2
116.433,40.031,3
116.435,39.907,23
116.435,40.227,7
116.436,39.907,7
116.437,39.857,1
116.437,39.963,1
116.438,39.857,8
116.438,39.874,18
116.438,39.892,17
116.438,39.907,3
116.439,39.856,2
116.439,39.883,21
116.439,39.962,1
116.44,39.841,4
116.44,39.846,1
116.44,39.951,1
116.441,39.984,3
116.442,39.907,32
116.442,39.972,1
116.442,40.227,4
116.443,39.827,1
116.443,39.883,25
116.444,39.883,7
116.444,39.909,3
116.444,39.912,21
116.444,39.917,7
116.444,39.923,2
116.444,39.931,1
116.445,39.982,3
116.446,39.922,2
116.447,39.883,30
116.447,39.922,7
116.448,39.907,8
116.449,39.871,10
116.45,39.876,2
116.45,39.885,1
116.45,39.907,1
116.451,39.864,1
116.451,39.88,12
116.451,39.987,11
116.451,39.988,1
116.451,39.997,4
116.451,40.0,4
116.451,40.231,2
116.452,39.922,9
116.452,39.954,5
116.452,40.008,1
116.453,39.906,4
116.453,39.907,21
116.453,40.117,4
116.454,39.867,12
116.454,39.874,1
116.454,39.879,25
116.455,39.863,1
116.455,39.875,12
116.455,39.88,16
116.455,39.885,5
116.455,39.888,1
116.455,39.889,4
116.455,39.895,29
116.455,39.903,1
116.455,39.938,1
116.455,39.941,1
116.455,39.955,5
116.456,39.906,7
116.456,39.91,7
116.456,39.911,3
116.457,39.87,1
116.457,39.883,16
116.457,39.917,8
116.457,40.019,3
116.458,39.906,4
116.458,39.907,33
116.458,39.949,2
116.46,39.823,2
116.461,39.87,7
116.461,39.872,7
116.461,39.873,6
116.461,39.878,16
116.461,39.882,5
116.461,39.993,2
116.461,40.005,1
116.462,39.87,14
116.462,39.932,1
116.462,39.989,2
116.462,40.234,1
116.463,39.874,1
116.463,39.883,2
116.463,39.907,14
116.463,39.916,1
116.463,39.92,2
116.464,39.907,2
116.464,39.95,1
116.465,39.998,3
116.466,39.416,3
116.466,39.806,7
116.466,39.857,1
116.466,39.922,2
116.466,39.947,4
116.466,40.006,1
116.466,40.009,1
116.467,39.883,8
116.467,39.965,2
116.467,39.983,6
116.467,40.003,1
116.467,40.109,2
116.468,39.87,12
116.468,39.921,5
116.468,39.939,2
116.468,39.942,4
116.469,39.87,1
116.469,39.874,5
116.469,39.907,4
116.47,39.854,1
116.47,39.907,11
116.47,39.986,5
116.471,39.864,3
116.471,39.867,2
116.471,39.87,1
116.471,39.876,3
116.471,39.88,6
116.471,39.885,9
116.471,39.889,9
116.471,39.894,8
116.471,39.895,20
116.471,39.905,4
116.471,39.909,15
116.471,39.911,4
116.471,39.916,5
116.471,39.92,9
116.471,39.932,7
116.472,39.866,1
116.472,39.878,1
116.472,39.916,5
116.472,39.919,13
116.472,39.923,2
116.472,39.928,17
116.472,39.929,8
116.473,39.378,1
116.473,39.8,3
116.473,39.899,10
116.473,39.927,1
116.474,39.87,4
116.474,39.891,13
116.474,39.906,2
116.474,39.971,2
116.474,39.977,1
116.475,39.849,2
116.476,39.396,1
116.476,39.792,1
116.476,40.237,9
116.477,39.866,14
116.477,39.899,9
116.477,39.921,7
116.477,39.932,4
116.478,39.926,1
116.479,39.891,6
116.479,39.914,4
116.479,39.976,2
116.483,39.912,1
116.483,39.933,1
116.483,39.939,1
116.483,39.966,5
116.483,39.972,3
116.483,39.975,1
116.483,39.984,2
116.483,39.985,1
116.483,39.988,1
116.483,40.237,5
116.485,39.952,3
116.486,39.891,12
116.486,39.914,1
116.486,39.932,1
116.487,39.317,1
116.487,39.96,2
116.487,40.236,7
116.488,39.314,1
116.488,39.326,1
116.488,39.327,3
116.488,39.914,2
116.488,39.921,10
116.489,39.789,2
116.489,39.878,3
116.489,39.906,3
116.489,40.214,1
116.49,39.333,1
116.49,39.891,6
116.49,39.905,2
116.49,40.208,4
116.491,39.899,1
116.491,39.905,4
116.491,39.914,1
116.492,39.316,1
116.492,39.914,3
116.492,39.921,1
116.492,39.957,3
116.493,39.953,7
116.494,39.891,5
116.494,39.934,1
116.495,39.682,1
116.495,39.892,3
116.495,39.899,1
116.495,39.923,8
116.495,39.926,3
116.495,39.929,2
116.496,39.875,3
116.496,39.896,1
116.497,39.874,2
116.497,39.914,2
116.498,39.761,8
116.498,39.921,2
116.498,39.935,11
116.499,39.999,7
116.5,39.914,4
116.5,40.005,3
116.502,39.872,20
116.502,39.906,7
116.503,39.891,4
116.505,40.038,2
116.506,40.01,4
116.507,39.675,1
116.507,39.862,6
116.507,39.866,2
116.507,39.868,5
116.507,39.891,3
116.507,40.208,3
116.508,39.906,2
116.508,39.915,3
116.509,39.331,1
116.509,39.906,5
116.509,39.938,1
116.51,40.0,2
116.512,39.939,4
116.513,39.857,2
116.513,39.891,9
116.515,39.782,2
116.516,40.04,1
116.518,39.776,4
116.519,39.854,7
116.519,39.94,15
116.521,39.999,13
116.523,39.341,1
116.524,39.915,2
116.524,39.997,1
116.525,39.907,6
116.525,39.991,2
116.526,39.94,6
116.526,40.038,5
116.528,39.915,11
116.529,39.84,2
116.536,39.934,1
116.537,39.868,7
116.537,39.924,1
116.537,39.939,6
116.538,39.939,7
116.539,39.668,3
116.539,39.739,5
116.539,39.746,9
116.539,39.753,3
116.539,39.914,7
116.54,39.758,3
116.541,39.914,3
116.541,39.944,7
116.541,39.952,10
116.541,39.955,1
116.541,39.958,2
116.544,39.84,1
116.545,39.736,2
116.545,39.833,4
116.546,39.907,2
116.546,39.908,6
116.546,39.964,3
116.547,39.907,7
116.549,40.067,2
116.55,39.337,1
116.551,39.729,1
116.552,40.086,1
116.554,39.963,2
116.554,40.099,2
116.558,39.907,3
116.558,39.914,2
116.558,39.963,1
116.558,40.007,11
116.559,40.003,5
116.559,40.113,4
116.561,40.208,1
116.562,39.802,2
116.563,39.731,1
116.563,39.988,4
116.564,39.976,3
116.565,39.881,3
116.566,39.888,1
116.566,39.968,1
116.568,39.656,1
116.569,39.908,4
116.569,39.909,1
116.569,39.958,21
116.571,39.9,6
116.571,39.904,2
116.571,39.909,3
116.572,39.956,19
116.572,40.116,1
116.573,39.682,6
116.573,39.874,3
116.574,39.662,3
116.574,39.689,3
116.575,39.655,3
116.575,39.912,8
116.576,39.928,4
116.578,39.892,1
116.578,39.954,3
116.582,39.908,9
116.582,39.911,4
116.583,39.925,3
116.583,39.93,7
116.584,39.892,4
116.584,39.917,1
116.584,39.922,4
116.585,39.653,1
116.585,39.908,4
116.585,39.913,4
116.585,40.21,3
116.586,39.849,1
116.586,39.924,2
116.588,39.837,4
116.589,39.885,2
116.589,39.91,2
116.593,39.577,7
116.593,39.865,1
116.593,39.885,20
116.594,39.887,1
116.595,39.882,1
116.595,39.886,20
116.595,39.889,9
116.595,39.902,9
116.596,39.897,1
116.597,39.585,1
116.597,40.211,1
116.598,39.924,3
116.599,39.908,2
116.6,39.89,7
116.601,39.576,10
116.602,39.59,5
116.602,39.92,1
116.603,39.878,2
116.603,39.923,1
116.604,39.601,4
116.605,39.921,1
116.607,39.871,4
116.609,39.613,5
116.609,39.877,3
116.613,39.652,3
116.613,39.875,5
116.615,39.577,10
116.616,39.905,23
116.616,39.926,1
116.619,39.653,2
116.619,39.905,2
116.625,39.897,14
116.625,39.9,16
116.625,39.903,35
116.626,39.892,13
116.626,40.307,2
116.628,39.891,23
116.629,39.905,46
116.629,40.21,5
116.63,39.653,1
116.631,39.903,3
116.633,39.891,37
116.633,39.9,5
116.633,39.904,10
116.633,40.116,1
116.634,40.131,3
116.634,40.21,3
116.634,40.248,1
116.634,40.34,1
116.635,40.124,2
116.635,40.127,3
116.636,39.9,2
116.637,40.136,2
116.639,39.905,18
116.641,39.892,11
116.643,40.136,3
116.645,39.899,2
116.647,39.89,13
116.649,39.906,10
116.65,39.899,3
116.65,40.137,1
116.65,40.149,1
116.65,40.21,7
116.651,39.889,1
116.652,39.65,1
116.653,40.171,2
116.653,40.176,2
116.653,40.181,2
116.653,40.184,1
116.653,40.195,1
116.653,40.205,5
116.654,39.888,23
116.654,39.906,43
116.654,39.907,2
116.654,40.209,11
116.655,39.899,5
116.658,40.121,1
116.659,39.907,19
116.66,39.652,1
116.66,39.884,19
116.66,39.898,1
116.662,39.882,3
116.664,40.127,3
116.666,40.114,2
116.667,39.885,6
116.667,39.929,1
116.667,39.934,1
116.668,39.878,1
116.668,39.899,5
116.67,39.656,7
116.67,39.9,1
116.671,39.907,31
116.671,39.908,13
116.672,39.885,10
116.672,39.899,3
116.673,39.889,5
116.673,39.891,9
116.678,39.9,3
116.678,39.933,1
116.679,39.912,7
116.679,39.952,1
116.68,39.87,2
116.68,39.891,9
116.68,40.118,3
116.681,39.9,2
116.683,39.913,57
116.685,39.891,2
116.688,39.915,23
116.689,39.903,1
116.69,39.891,1
116.692,39.867,1
116.692,39.916,1
116.693,39.906,1
116.694,39.916,12
116.694,40.131,4
116.694,40.132,1
116.696,39.916,3
116.697,39.917,1
116.701,39.865,2
116.703,40.132,2
116.709,39.962,54
116.71,40.132,1
116.712,39.962,34
116.713,39.954,41
116.714,39.862,4
116.715,39.948,16
116.717,39.943,17
116.719,40.132,16
116.72,39.86,7
116.722,39.914,1
116.724,39.942,8
116.725,39.94,20
116.728,39.909,2
116.728,39.913,3
116.728,39.928,7
116.728,39.934,10
116.729,39.921,3
116.73,39.911,4
116.736,39.856,5
116.737,39.899,2
116.741,40.134,7
116.743,39.852,1
116.744,39.886,2
116.745,39.896,2
116.754,39.846,5
116.76,39.881,1
116.763,39.842,5
116.771,39.833,2
116.773,39.819,5
116.774,39.823,1
116.774,39.828,1
116.776,39.799,2
116.779,39.79,4
116.783,39.785,5
116.788,39.779,3
116.791,39.776,5
116.798,39.768,8
116.806,39.764,6
116.81,39.942,11
116.813,39.844,1
116.816,39.763,3
116.82,39.943,2
116.822,39.762,1
116.825,39.829,1
116.826,39.943,3
116.831,39.758,4
116.838,39.945,1
116.844,39.945,5
116.856,40.073,1
116.865,39.947,1
116.905,39.952,1
116.921,39.954,3
116.968,39.879,14
116.981,39.884,1
116.981,39.888,1
116.982,39.887,1
116.99,39.884,1
117.044,39.978,1
117.057,39.973,1
